remark,"CSV-Import-Export"
remark,"Date = Fri Oct  2 08:43:22 2020"
remark,"Version = RSLogix 5000 v32.02"
remark,"Owner = "
remark,"Company = "
0.3
TYPE,SCOPE,NAME,DESCRIPTION,DATATYPE,SPECIFIER,ATTRIBUTES
TAG,,AIR_PRESSURE_FAULT,"M0029","BOOL","","(RADIX := Decimal, Constant := false, ExternalAccess := Read/Write)"
TAG,,AIR_SUPPLY_PRESSURE_DETECT,"B001E","BOOL","","(RADIX := Decimal, Constant := false, ExternalAccess := Read/Write)"
TAG,,ANTI_REPEAT,"M0067","BOOL","","(RADIX := Decimal, Constant := false, ExternalAccess := Read/Write)"
TAG,,AUTO_CYCLE_ENABLED,"M0014$NHMI SELECTION","BOOL","","(RADIX := Decimal, Constant := false, ExternalAccess := Read/Write)"
TAG,,AUTO_CYCLE_PREP_COMPLETE,"M0068","BOOL","","(RADIX := Decimal, Constant := false, ExternalAccess := Read/Write)"
TAG,,AUTO_CYCLE_SELECTED,"HMI BUTTON/SELECTION$NB0102","BOOL","","(RADIX := Decimal, Constant := false, ExternalAccess := Read/Write)"
TAG,,AUTO_CYCLE_STOP_PB,"B0024","BOOL","","(RADIX := Decimal, Constant := false, ExternalAccess := Read/Write)"
TAG,,AUTO_LOWER_LIMIT,"ENCODER SIGNAL B0155","BOOL","","(RADIX := Decimal, Constant := false, ExternalAccess := Read/Write)"
TAG,,AUTO_ONE_CYCLE_ENABLED,"M0013$NHMI SELECTION","BOOL","","(RADIX := Decimal, Constant := false, ExternalAccess := Read/Write)"
TAG,,AUTO_ONE_CYCLE_SELECTED,"HMI BUTTON/SELECTION$NB0101","BOOL","","(RADIX := Decimal, Constant := false, ExternalAccess := Read/Write)"
TAG,,AUTO_RESET_ALLOWED,"M003E","BOOL","","(RADIX := Decimal, Constant := false, ExternalAccess := Read/Write)"
TAG,,AUTO_START_PB,"TWO HAND SWITCH$NDOWN$NB0022","BOOL","","(RADIX := Decimal, Constant := false, ExternalAccess := Read/Write)"
TAG,,AUTO_START_PB_RESET,"TWO HAND SWITCH$NUP$NB0023","BOOL","","(RADIX := Decimal, Constant := false, ExternalAccess := Read/Write)"
TAG,,AUTO_UPPER_ASSIST,"ENCODER SIGNAL$NB0152","BOOL","","(RADIX := Decimal, Constant := false, ExternalAccess := Read/Write)"
TAG,,AUTO_UPPER_LIMIT,"ENCODER SIGNAL$NB0151","BOOL","","(RADIX := Decimal, Constant := false, ExternalAccess := Read/Write)"
TAG,,BLANKING_OFF_SIGNAL,"T0018","TIMER","","(Constant := false, ExternalAccess := Read/Write)"
TAG,,BLANKING_PS_ENABLED,"M0018","BOOL","","(RADIX := Decimal, Constant := false, ExternalAccess := Read/Write)"
TAG,,BLANKING_PS_SELECT,"B0105$NHMI BUTTON","BOOL","","(RADIX := Decimal, Constant := false, ExternalAccess := Read/Write)"
TAG,,BOLSTER_CLAMP_OFF_LIMIT,"B0013","BOOL","","(RADIX := Decimal, Constant := false, ExternalAccess := Read/Write)"
TAG,,BOLSTER_CLAMP_OFF_VALVE,"B005D","BOOL","","(RADIX := Decimal, Constant := false, ExternalAccess := Read/Write)"
TAG,,BOLSTER_CLAMP_ON,"M0006","BOOL","","(RADIX := Decimal, Constant := false, ExternalAccess := Read/Write)"
TAG,,BOLSTER_CLAMP_ON_LIMIT,"B0012","BOOL","","(RADIX := Decimal, Constant := false, ExternalAccess := Read/Write)"
TAG,,BOLSTER_CLAMP_ON_VALVE,"B005C","BOOL","","(RADIX := Decimal, Constant := false, ExternalAccess := Read/Write)"
TAG,,BOLSTER_DISABLED,"M0010","BOOL","","(RADIX := Decimal, Constant := false, ExternalAccess := Read/Write)"
TAG,,BOLSTER_ENABLED,"M0011","BOOL","","(RADIX := Decimal, Constant := false, ExternalAccess := Read/Write)"
TAG,,BOLSTER_IN_ASSIST_LIMIT,"B000F","BOOL","","(RADIX := Decimal, Constant := false, ExternalAccess := Read/Write)"
TAG,,BOLSTER_IN_LIMIT,"B000E","BOOL","","(RADIX := Decimal, Constant := false, ExternalAccess := Read/Write)"
TAG,,BOLSTER_IN_PLACE_CLAMPED,"M0037","BOOL","","(RADIX := Decimal, Constant := false, ExternalAccess := Read/Write)"
TAG,,BOLSTER_IN_VALVE,"B0059","BOOL","","(RADIX := Decimal, Constant := false, ExternalAccess := Read/Write)"
TAG,,BOLSTER_LIFT_PRESSURE_DETECT,"B0019","BOOL","","(RADIX := Decimal, Constant := false, ExternalAccess := Read/Write)"
TAG,,BOLSTER_OUT_ASSIST_LIMIT,"B0011","BOOL","","(RADIX := Decimal, Constant := false, ExternalAccess := Read/Write)"
TAG,,BOLSTER_OUT_LIMIT,"B0010","BOOL","","(RADIX := Decimal, Constant := false, ExternalAccess := Read/Write)"
TAG,,BOLSTER_OUT_VALVE,"B005A","BOOL","","(RADIX := Decimal, Constant := false, ExternalAccess := Read/Write)"
TAG,,BOLSTER_REDUCTION_VALVE,"B005B","BOOL","","(RADIX := Decimal, Constant := false, ExternalAccess := Read/Write)"
TAG,,BOLSTER_SELECT,"B0108$NHMI BUTTON","BOOL","","(RADIX := Decimal, Constant := false, ExternalAccess := Read/Write)"
TAG,,BOLSTER_TOUCH_LIMIT_1,"B0014","BOOL","","(RADIX := Decimal, Constant := false, ExternalAccess := Read/Write)"
TAG,,BOLSTER_TOUCH_LIMIT_2,"B0015","BOOL","","(RADIX := Decimal, Constant := false, ExternalAccess := Read/Write)"
TAG,,BOTH_DIE_CUSHIONS_DOWN,"M0036","BOOL","","(RADIX := Decimal, Constant := false, ExternalAccess := Read/Write)"
TAG,,BUZZER_SIGNAL,"B0032","BOOL","","(RADIX := Decimal, Constant := false, ExternalAccess := Read/Write)"
TAG,,CANCEL_CYLINDER_HIGH_SELECT,"B012F$NHMI BUTTON","BOOL","","(RADIX := Decimal, Constant := false, ExternalAccess := Read/Write)"
TAG,,CANCEL_CYLINDER_LOWER_LIMIT,"B000A","BOOL","","(RADIX := Decimal, Constant := false, ExternalAccess := Read/Write)"
TAG,,CANCEL_CYLINDER_LOW_SELECT,"B012E$NHMI BUTTON","BOOL","","(RADIX := Decimal, Constant := false, ExternalAccess := Read/Write)"
TAG,,CANCEL_CYLINDER_UPPER_LIMIT,"B0009","BOOL","","(RADIX := Decimal, Constant := false, ExternalAccess := Read/Write)"
TAG,,CANCEL_DECOMPRESSION_VALVE,"B004C","BOOL","","(RADIX := Decimal, Constant := false, ExternalAccess := Read/Write)"
TAG,,CANCEL_HIGH_PRESSURE_VAVLE,"B004B","BOOL","","(RADIX := Decimal, Constant := false, ExternalAccess := Read/Write)"
TAG,,CANCEL_LOW_PRESSURE_VALVE,"B004A","BOOL","","(RADIX := Decimal, Constant := false, ExternalAccess := Read/Write)"
TAG,,CANCEL_UP_VALVE,"B0049","BOOL","","(RADIX := Decimal, Constant := false, ExternalAccess := Read/Write)"
TAG,,COOLING_WATER_ON_VALVE,"B0064","BOOL","","(RADIX := Decimal, Constant := false, ExternalAccess := Read/Write)"
TAG,,Current_Screen,"","INT","","(RADIX := Decimal, Constant := false, ExternalAccess := Read/Write)"
TAG,,CYCLE_STOP,"M0246","BOOL","","(RADIX := Decimal, Constant := false, ExternalAccess := Read/Write)"
TAG,,DC_POWER_ASSIST_VALVE,"B0051","BOOL","","(RADIX := Decimal, Constant := false, ExternalAccess := Read/Write)"
TAG,,DEBOUNCE_TIMER_LOCKING_OFF,"T0005","TIMER","","(Constant := false, ExternalAccess := Read/Write)"
TAG,,DEBOUNCE_TIMER_LOCKING_OFF_COMPLETE,"T0006","TIMER","","(Constant := false, ExternalAccess := Read/Write)"
TAG,,DECOMPRESSION,"M006D","BOOL","","(RADIX := Decimal, Constant := false, ExternalAccess := Read/Write)"
TAG,,DIECUSHION_AUTO_START_POSITION,"M0035","BOOL","","(RADIX := Decimal, Constant := false, ExternalAccess := Read/Write)"
TAG,,DIECUSHION_PUMP_UNLOADING_VALVE_1,"B0061","BOOL","","(RADIX := Decimal, Constant := false, ExternalAccess := Read/Write)"
TAG,,DIECUSHION_PUMP_UNLOADING_VALVE_2,"B0063","BOOL","","(RADIX := Decimal, Constant := false, ExternalAccess := Read/Write)"
TAG,,DIE_CHANGE_ENABLED,"M0015","BOOL","","(RADIX := Decimal, Constant := false, ExternalAccess := Read/Write)"
TAG,,DIE_CHANGE_MODE,"HMI BUTTON/SELECTION$NB0103","BOOL","","(RADIX := Decimal, Constant := false, ExternalAccess := Read/Write)"
TAG,,DIE_CLAMPER_CIRCUIT,"K0001","BOOL","","(RADIX := Decimal, Constant := false, ExternalAccess := Read/Write)"
TAG,,DIE_CLAMPER_CLAMPED,"M005B","BOOL","","(RADIX := Decimal, Constant := false, ExternalAccess := Read/Write)"
TAG,,DIE_CLAMPER_CLAMP_PB,"HMI BUTTON$NB0118","BOOL","","(RADIX := Decimal, Constant := false, ExternalAccess := Read/Write)"
TAG,,DIE_CLAMPER_ON_SELECT,"HMI BUTTON$NB0117","BOOL","","(RADIX := Decimal, Constant := false, ExternalAccess := Read/Write)"
TAG,,DIE_CLAMPER_UNCLAMPED,"M005A","BOOL","","(RADIX := Decimal, Constant := false, ExternalAccess := Read/Write)"
TAG,,DIE_CLAMPER_UNCLAMP_PB,"HMI BUTTON$NB0119","BOOL","","(RADIX := Decimal, Constant := false, ExternalAccess := Read/Write)"
TAG,,DIE_CUSHION_1_PAD_SELECT,"B010E$NHMI BUTTON","BOOL","","(RADIX := Decimal, Constant := false, ExternalAccess := Read/Write)"
TAG,,DIE_CUSHION_1_PAD_SELECTED,"M001C","BOOL","","(RADIX := Decimal, Constant := false, ExternalAccess := Read/Write)"
TAG,,DIE_CUSHION_2_PAD_LEFT_SELECT,"B014E","BOOL","","(RADIX := Decimal, Constant := false, ExternalAccess := Read/Write)"
TAG,,DIE_CUSHION_2_PAD_L_SELECT,"M001F","BOOL","","(RADIX := Decimal, Constant := false, ExternalAccess := Read/Write)"
TAG,,DIE_CUSHION_2_PAD_RIGHT_SELECT,"B014D","BOOL","","(RADIX := Decimal, Constant := false, ExternalAccess := Read/Write)"
TAG,,DIE_CUSHION_2_PAD_R_SELECT,"M001E","BOOL","","(RADIX := Decimal, Constant := false, ExternalAccess := Read/Write)"
TAG,,DIE_CUSHION_2_PAD_SELECT,"B010F$NHMI BUTTON","BOOL","","(RADIX := Decimal, Constant := false, ExternalAccess := Read/Write)"
TAG,,DIE_CUSHION_2_PAD_SELECT_RL,"M001D","BOOL","","(RADIX := Decimal, Constant := false, ExternalAccess := Read/Write)"
TAG,,DIE_CUSHION_DOWN_1_PAD,"M004D","BOOL","","(RADIX := Decimal, Constant := false, ExternalAccess := Read/Write)"
TAG,,DIE_CUSHION_PB_OFF_STATE,"M003F","BOOL","","(RADIX := Decimal, Constant := false, ExternalAccess := Read/Write)"
TAG,,DIE_CUSHION_PUMP_UNLOAD_ASSIST,"M0190","BOOL","","(RADIX := Decimal, Constant := false, ExternalAccess := Read/Write)"
TAG,,DIE_CUSHION_UP_1_PAD,"M004C","BOOL","","(RADIX := Decimal, Constant := false, ExternalAccess := Read/Write)"
TAG,,DIE_DRAWRIC_CYLINDER_UPPER_PS,"B0018","BOOL","","(RADIX := Decimal, Constant := false, ExternalAccess := Read/Write)"
TAG,,DIE_DRAWRIC_DECOMPRESSION_VALVE,"B0056$N","BOOL","","(RADIX := Decimal, Constant := false, ExternalAccess := Read/Write)"
TAG,,DIE_DRAWRIC_DOWN,"M004F","BOOL","","(RADIX := Decimal, Constant := false, ExternalAccess := Read/Write)"
TAG,,DIE_DRAWRIC_ON_SELECT,"B0145$NHMI BUTTON","BOOL","","(RADIX := Decimal, Constant := false, ExternalAccess := Read/Write)"
TAG,,DIE_DRAWRIC_POWER_ASSIST_VALVE,"B0057","BOOL","","(RADIX := Decimal, Constant := false, ExternalAccess := Read/Write)"
TAG,,DIE_DRAWRIC_UP,"M004E","BOOL","","(RADIX := Decimal, Constant := false, ExternalAccess := Read/Write)"
TAG,,DIE_DRAWRIC_UP_1,"M007E","BOOL","","(RADIX := Decimal, Constant := false, ExternalAccess := Read/Write)"
TAG,,DIE_DRAWRIC_UP_COMPLETE,"M007F","BOOL","","(RADIX := Decimal, Constant := false, ExternalAccess := Read/Write)"
TAG,,DIE_DRAWRIC_UP_MEM,"T0019","TIMER","","(Constant := false, ExternalAccess := Read/Write)"
TAG,,DIE_SET_CHANGING,"B0037","BOOL","","(RADIX := Decimal, Constant := false, ExternalAccess := Read/Write)"
TAG,,DIE_SET_CYLINDER_IN_PB,"B0076","BOOL","","(RADIX := Decimal, Constant := false, ExternalAccess := Read/Write)"
TAG,,DIE_SET_CYLINDER_OUT,"M0217","BOOL","","(RADIX := Decimal, Constant := false, ExternalAccess := Read/Write)"
TAG,,DIE_SET_CYLINDER_OUT_PB,"B0077","BOOL","","(RADIX := Decimal, Constant := false, ExternalAccess := Read/Write)"
TAG,,DRAWING_LS_ENABLED,"M0016","BOOL","","(RADIX := Decimal, Constant := false, ExternalAccess := Read/Write)"
TAG,,DRAWING_LS_SELECT,"B0104$NHMI BUTTON","BOOL","","(RADIX := Decimal, Constant := false, ExternalAccess := Read/Write)"
TAG,,DRAW_BLANKING_NOT_SELECT,"M0017","BOOL","","(RADIX := Decimal, Constant := false, ExternalAccess := Read/Write)"
TAG,,DRAW_UP_ASSIST,"M007C","BOOL","","(RADIX := Decimal, Constant := false, ExternalAccess := Read/Write)"
TAG,,DRAW_UP_ASSIST_COMPLETE,"M007D","BOOL","","(RADIX := Decimal, Constant := false, ExternalAccess := Read/Write)"
TAG,,EMERGENCY_STOP,"B002A","BOOL","","(RADIX := Decimal, Constant := false, ExternalAccess := Read/Write)"
TAG,,ENABLE_1000T,"HMI BUTTON/RECIPE$N","BOOL","","(RADIX := Decimal, Constant := false, ExternalAccess := Read/Write)"
TAG,,ENABLE_1500T,"HMI BUTTON/RECIPE","BOOL","","(RADIX := Decimal, Constant := false, ExternalAccess := Read/Write)"
TAG,,ENABLE_500T,"HMI BUTTON/RECIPE$N","BOOL","","(RADIX := Decimal, Constant := false, ExternalAccess := Read/Write)"
TAG,,Fault_Reset_PB,"","BOOL","","(RADIX := Decimal, Constant := false, ExternalAccess := Read/Write)"
TAG,,FILTER_CHOKER,"B001A","BOOL","","(RADIX := Decimal, Constant := false, ExternalAccess := Read/Write)"
TAG,,FILTER_CLOGGED_DELAY,"T0003","TIMER","","(Constant := false, ExternalAccess := Read/Write)"
TAG,,FILTER_CLOGGED_FAULT,"M0023","BOOL","","(RADIX := Decimal, Constant := false, ExternalAccess := Read/Write)"
TAG,,FRONT_SHUTTER_SAFETY,"M002A","BOOL","","(RADIX := Decimal, Constant := false, ExternalAccess := Read/Write)"
TAG,,FRONT_SUTTER_ON_LIMIT,"B000C","BOOL","","(RADIX := Decimal, Constant := false, ExternalAccess := Read/Write)"
TAG,,HALF_FINISHED_CYLINDER_ADVANCE_LIMIT,"B001B","BOOL","","(RADIX := Decimal, Constant := false, ExternalAccess := Read/Write)"
TAG,,HALF_FINISHED_CYLINDER_RETURN_LIMIT,"B001C","BOOL","","(RADIX := Decimal, Constant := false, ExternalAccess := Read/Write)"
TAG,,HALF_FINISHED_SUPPLY_VALVE,"B0035","BOOL","","(RADIX := Decimal, Constant := false, ExternalAccess := Read/Write)"
TAG,,HMI_START_PUMPS,"HMI BUTTON","BOOL","","(RADIX := Decimal, Constant := false, ExternalAccess := Read/Write)"
TAG,,INCHING_SELECTED,"HMI BUTTON/SELECTION$NB0100","BOOL","","(RADIX := Decimal, Constant := false, ExternalAccess := Read/Write)"
TAG,,INCH_ENABLED,"M0012$NHMI SELECTION","BOOL","","(RADIX := Decimal, Constant := false, ExternalAccess := Read/Write)"
TAG,,Job_Call_Recipe,"","Recipe_Setup[50]","","(Constant := false, ExternalAccess := Read/Write)"
TAG,,LEFTDIECUSHIONTIMER,"","TIMER","","(Constant := false, ExternalAccess := Read/Write)"
TAG,,LEFT_DIECUSHION_DECOMPRESSION_VALVE,"B0054","BOOL","","(RADIX := Decimal, Constant := false, ExternalAccess := Read/Write)"
TAG,,LEFT_DIECUSHION_DOWN,"M004B","BOOL","","(RADIX := Decimal, Constant := false, ExternalAccess := Read/Write)"
TAG,,LEFT_DIECUSHION_DOWN_PB,"B0113$NHMI BUTTON","BOOL","","(RADIX := Decimal, Constant := false, ExternalAccess := Read/Write)"
TAG,,LEFT_DIECUSHION_DOWN_VALVE,"B0053","BOOL","","(RADIX := Decimal, Constant := false, ExternalAccess := Read/Write)"
TAG,,LEFT_DIECUSHION_LOWER_LIMIT,"B0006","BOOL","","(RADIX := Decimal, Constant := false, ExternalAccess := Read/Write)"
TAG,,LEFT_DIECUSHION_POWER_ASSIST_VALVE,"B0055","BOOL","","(RADIX := Decimal, Constant := false, ExternalAccess := Read/Write)"
TAG,,LEFT_DIECUSHION_UP,"M004A","BOOL","","(RADIX := Decimal, Constant := false, ExternalAccess := Read/Write)"
TAG,,LEFT_DIECUSHION_UPPER_LIMIT,"B0005","BOOL","","(RADIX := Decimal, Constant := false, ExternalAccess := Read/Write)"
TAG,,LEFT_DIECUSHION_UP_PB,"B0112$NHMI BUTTON","BOOL","","(RADIX := Decimal, Constant := false, ExternalAccess := Read/Write)"
TAG,,LEFT_DIECUSHION_UP_VALVE,"B0052","BOOL","","(RADIX := Decimal, Constant := false, ExternalAccess := Read/Write)"
TAG,,LIFT_CYLINDER_DOWN_VALVE,"B005F","BOOL","","(RADIX := Decimal, Constant := false, ExternalAccess := Read/Write)"
TAG,,LIFT_CYLINDER_UP_VALVE,"B005E","BOOL","","(RADIX := Decimal, Constant := false, ExternalAccess := Read/Write)"
TAG,,load_PB,"","BOOL","","(RADIX := Decimal, Constant := false, ExternalAccess := Read/Write)"
TAG,,LOCKING_OFF,"M0004","BOOL","","(RADIX := Decimal, Constant := false, ExternalAccess := Read/Write)"
TAG,,LOCKING_OFF_ASSIST,"M0032","BOOL","","(RADIX := Decimal, Constant := false, ExternalAccess := Read/Write)"
TAG,,LOCKING_OFF_COMPLETE,"M0033","BOOL","","(RADIX := Decimal, Constant := false, ExternalAccess := Read/Write)"
TAG,,LOCKING_OFF_LIMIT,"B0007","BOOL","","(RADIX := Decimal, Constant := false, ExternalAccess := Read/Write)"
TAG,,LOCKING_OFF_MEMORY,"M0031$N","BOOL","","(RADIX := Decimal, Constant := false, ExternalAccess := Read/Write)"
TAG,,LOCKING_OFF_VALVE,"B0058","BOOL","","(RADIX := Decimal, Constant := false, ExternalAccess := Read/Write)"
TAG,,LOCKING_ON,"M0005","BOOL","","(RADIX := Decimal, Constant := false, ExternalAccess := Read/Write)"
TAG,,LOCKING_ON_LIMIT,"B0008","BOOL","","(RADIX := Decimal, Constant := false, ExternalAccess := Read/Write)"
TAG,,LUBE_LEVEL_DELAY,"T0002","TIMER","","(Constant := false, ExternalAccess := Read/Write)"
TAG,,LUBE_LEVEL_FAULT,"M0022","BOOL","","(RADIX := Decimal, Constant := false, ExternalAccess := Read/Write)"
TAG,,LUBRICATION_FAULT,"M0020","BOOL","","(RADIX := Decimal, Constant := false, ExternalAccess := Read/Write)"
TAG,,LUBRICATION_OIL_LEVEL_DETECT,"B001F","BOOL","","(RADIX := Decimal, Constant := false, ExternalAccess := Read/Write)"
TAG,,LUBRICATION_PRESSURE_DETECT,"B0017","BOOL","","(RADIX := Decimal, Constant := false, ExternalAccess := Read/Write)"
TAG,,L_DIECUSHION_AUTO_UP_ASSIST,"ENCODER SIGNAL$NB015A","BOOL","","(RADIX := Decimal, Constant := false, ExternalAccess := Read/Write)"
TAG,,L_DIECUSHION_AUTO_UP_LIMIT,"B0156$NENCODER SIGNAL","BOOL","","(RADIX := Decimal, Constant := false, ExternalAccess := Read/Write)"
TAG,,L_DIECUSHION_CONDITION,"M003B","BOOL","","(RADIX := Decimal, Constant := false, ExternalAccess := Read/Write)"
TAG,,L_DIECUSHION_DOWN,"M0003","BOOL","","(RADIX := Decimal, Constant := false, ExternalAccess := Read/Write)"
TAG,,L_DIECUSHION_UP,"M0002","BOOL","","(RADIX := Decimal, Constant := false, ExternalAccess := Read/Write)"
TAG,,L_DIECUSHION_UP_1,"M0076","BOOL","","(RADIX := Decimal, Constant := false, ExternalAccess := Read/Write)"
TAG,,L_DIECUSHION_UP_ASSIST,"M0074","BOOL","","(RADIX := Decimal, Constant := false, ExternalAccess := Read/Write)"
TAG,,L_DIECUSHION_UP_COMPLETE,"M0077","BOOL","","(RADIX := Decimal, Constant := false, ExternalAccess := Read/Write)"
TAG,,Machine_Current_Job,"","DINT","","(RADIX := Decimal, Constant := false, ExternalAccess := Read/Write)"
TAG,,MAIN_DOWN_VALVE,"B0041$N","BOOL","","(RADIX := Decimal, Constant := false, ExternalAccess := Read/Write)"
TAG,,MAIN_DOWN_VALVE_1000_TON,"B0043","BOOL","","(RADIX := Decimal, Constant := false, ExternalAccess := Read/Write)"
TAG,,MAIN_DOWN_VALVE_500_TON,"B0042","BOOL","","(RADIX := Decimal, Constant := false, ExternalAccess := Read/Write)"
TAG,,MAIN_LOWER_ASSIST_LIMIT,"B0026","BOOL","","(RADIX := Decimal, Constant := false, ExternalAccess := Read/Write)"
TAG,,MAIN_LOWER_LIMIT,"B0002","BOOL","","(RADIX := Decimal, Constant := false, ExternalAccess := Read/Write)"
TAG,,MAIN_NO_LOAD_VALVE,"B0046","BOOL","","(RADIX := Decimal, Constant := false, ExternalAccess := Read/Write)"
TAG,,MAIN_POWER_HOLDING_VALVE,"B0045","BOOL","","(RADIX := Decimal, Constant := false, ExternalAccess := Read/Write)"
TAG,,MAIN_PRESS_CONDITION_DOWN,"M0039","BOOL","","(RADIX := Decimal, Constant := false, ExternalAccess := Read/Write)"
TAG,,MAIN_PRESS_CONDITION_UP,"M0038","BOOL","","(RADIX := Decimal, Constant := false, ExternalAccess := Read/Write)"
TAG,,MAIN_PRESS_DOWN,"M0045","BOOL","","(RADIX := Decimal, Constant := false, ExternalAccess := Read/Write)"
TAG,,MAIN_PRESS_DOWN_ASSIST,"M0044","BOOL","","(RADIX := Decimal, Constant := false, ExternalAccess := Read/Write)"
TAG,,MAIN_PRESS_NO_PRESSURE_DOWN,"M0047","BOOL","","(RADIX := Decimal, Constant := false, ExternalAccess := Read/Write)"
TAG,,MAIN_PRESS_PRESSURE_DETECT,"B0016","BOOL","","(RADIX := Decimal, Constant := false, ExternalAccess := Read/Write)"
TAG,,MAIN_PRESS_SLOW_DOWN,"M0046","BOOL","","(RADIX := Decimal, Constant := false, ExternalAccess := Read/Write)"
TAG,,MAIN_PRESS_SLOW_DOWN_SIGNAL,"M0030","BOOL","","(RADIX := Decimal, Constant := false, ExternalAccess := Read/Write)"
TAG,,MAIN_PRESS_SLOW_UP,"M0042","BOOL","","(RADIX := Decimal, Constant := false, ExternalAccess := Read/Write)"
TAG,,MAIN_PRESS_UP,"M0041","BOOL","","(RADIX := Decimal, Constant := false, ExternalAccess := Read/Write)"
TAG,,MAIN_PRESS_UP_ASSIST,"M0040","BOOL","","(RADIX := Decimal, Constant := false, ExternalAccess := Read/Write)"
TAG,,MAIN_SLOW_DOWN_VALVE,"B0044","BOOL","","(RADIX := Decimal, Constant := false, ExternalAccess := Read/Write)"
TAG,,MAIN_UPPER_ASSIST,"B0001","BOOL","","(RADIX := Decimal, Constant := false, ExternalAccess := Read/Write)"
TAG,,MAIN_UPPER_LIMIT,"B0000","BOOL","","(RADIX := Decimal, Constant := false, ExternalAccess := Read/Write)"
TAG,,MAIN_UP_VALVE,"B0040","BOOL","","(RADIX := Decimal, Constant := false, ExternalAccess := Read/Write)"
TAG,,MOTOR_OVER_LOAD,"B002B","BOOL","","(RADIX := Decimal, Constant := false, ExternalAccess := Read/Write)"
TAG,,MOVEMENT_CONFIRMED,"M0064$NM0065$NM0066","BOOL","","(RADIX := Decimal, Constant := false, ExternalAccess := Read/Write)"
TAG,,MOVEMENT_CONFIRMED_TIMER,"T0011","TIMER","","(Constant := false, ExternalAccess := Read/Write)"
TAG,,M_PRESS_AUTO_RUN_COMPLETE,"M0080","BOOL","","(RADIX := Decimal, Constant := false, ExternalAccess := Read/Write)"
TAG,,M_PRESS_AUTO_RUN_FINISHED,"M0082","BOOL","","(RADIX := Decimal, Constant := false, ExternalAccess := Read/Write)"
TAG,,M_PRESS_AUTO_RUN_FINISHED_TIMER,"T0013","TIMER","","(Constant := false, ExternalAccess := Read/Write)"
TAG,,M_PRESS_AUTO_RUN_RESET,"M0083","BOOL","","(RADIX := Decimal, Constant := false, ExternalAccess := Read/Write)"
TAG,,M_PRESS_AUTO_RUN_RESET_TIMER,"T0014","TIMER","","(Constant := false, ExternalAccess := Read/Write)"
TAG,,M_PRESS_DOWN,"M006A","BOOL","","(RADIX := Decimal, Constant := false, ExternalAccess := Read/Write)"
TAG,,M_PRESS_DOWN_COMPLETE,"M006C","BOOL","","(RADIX := Decimal, Constant := false, ExternalAccess := Read/Write)"
TAG,,M_PRESS_DOWN_COMPLETE_TIMER,"T0012","TIMER","","(Constant := false, ExternalAccess := Read/Write)"
TAG,,M_PRESS_UP,"M006E","BOOL","","(RADIX := Decimal, Constant := false, ExternalAccess := Read/Write)"
TAG,,M_PRESS_UP_COMPLETE,"M006F","BOOL","","(RADIX := Decimal, Constant := false, ExternalAccess := Read/Write)"
TAG,,NO_PRESSUE_DOWN_PB,"B010D$NHMI BUTTON","BOOL","","(RADIX := Decimal, Constant := false, ExternalAccess := Read/Write)"
TAG,,OIL_COOLER_START,"B0144","BOOL","","(RADIX := Decimal, Constant := false, ExternalAccess := Read/Write)"
TAG,,OIL_TEMPERATURE_FAULT,"M0025","BOOL","","(RADIX := Decimal, Constant := false, ExternalAccess := Read/Write)"
TAG,,OIL_TEMP_TOO_HIGH,"B0143","BOOL","","(RADIX := Decimal, Constant := false, ExternalAccess := Read/Write)"
TAG,,OIL_TEMP_WARM_UP_ON_SELECT,"B002C$NHMI BUTTON","BOOL","","(RADIX := Decimal, Constant := false, ExternalAccess := Read/Write)"
TAG,,OIL_TEMP_WARM_UP_START,"B0038","BOOL","","(RADIX := Decimal, Constant := false, ExternalAccess := Read/Write)"
TAG,,OIL_WORKING_LEVEL_FAULT,"M0021","BOOL","","(RADIX := Decimal, Constant := false, ExternalAccess := Read/Write)"
TAG,,ONE_PAD_DIE_CUSHION_UP,"M007A","BOOL","","(RADIX := Decimal, Constant := false, ExternalAccess := Read/Write)"
TAG,,ONE_PAD_DIE_CUSHION_UP_ASSIST,"M0078","BOOL","","(RADIX := Decimal, Constant := false, ExternalAccess := Read/Write)"
TAG,,ONE_PAD_DIE_CUSHION_UP_COMPLETE,"M007B","BOOL","","(RADIX := Decimal, Constant := false, ExternalAccess := Read/Write)"
TAG,,ONE_PAD_DIE_CUSHION_UP_TIMING,"M0079","TIMER","","(Constant := false, ExternalAccess := Read/Write)"
TAG,,OPERATION_ON,"B0020","BOOL","","(RADIX := Decimal, Constant := false, ExternalAccess := Read/Write)"
TAG,,PILOT_CHECK_OPEN_VALVE,"B0048","BOOL","","(RADIX := Decimal, Constant := false, ExternalAccess := Read/Write)"
TAG,,PILOT_PUMP_HIGH_PRESSURE_VALVE,"B0060","BOOL","","(RADIX := Decimal, Constant := false, ExternalAccess := Read/Write)"
TAG,,PILOT_PUMP_MIDDLE_PRESSURE_VALVE,"B0062","BOOL","","(RADIX := Decimal, Constant := false, ExternalAccess := Read/Write)"
TAG,,PILOT_PUMP_ON,"B002E","BOOL","","(RADIX := Decimal, Constant := false, ExternalAccess := Read/Write)"
TAG,,PREFILL_VALVE_OPEN_VALVE,"B0047","BOOL","","(RADIX := Decimal, Constant := false, ExternalAccess := Read/Write)"
TAG,,PREFILL_VALVE_OPEN_VALVE_2,"B0066","BOOL","","(RADIX := Decimal, Constant := false, ExternalAccess := Read/Write)"
TAG,,PRESS_AUTO_CYCLE_SELECT_CONDITION,"M0060","BOOL","","(RADIX := Decimal, Constant := false, ExternalAccess := Read/Write)"
TAG,,PRESS_AUTO_RUN,"M0069","BOOL","","(RADIX := Decimal, Constant := false, ExternalAccess := Read/Write)"
TAG,,PRESS_AUTO_START_POSITION,"M0063","BOOL","","(RADIX := Decimal, Constant := false, ExternalAccess := Read/Write)"
TAG,,PRESS_AUTO_START_POSITION_ASSIST,"M0062","BOOL","","(RADIX := Decimal, Constant := false, ExternalAccess := Read/Write)"
TAG,,PRESS_HAS_A_FAULT,"M0027","BOOL","","(RADIX := Decimal, Constant := false, ExternalAccess := Read/Write)"
TAG,,PRESS_HAS_A_FAULT_2,"M0028","BOOL","","(RADIX := Decimal, Constant := false, ExternalAccess := Read/Write)"
TAG,,PRESS_HOLDING_TIME,"M006B","BOOL","","(RADIX := Decimal, Constant := false, ExternalAccess := Read/Write)"
TAG,,PRESS_HOLDING_TIMER,"PRESS HOLDING TIMER","TIMER","","(Constant := false, ExternalAccess := Read/Write)"
TAG,,PRESS_READY_CONFIRM,"M0043","BOOL","","(RADIX := Decimal, Constant := false, ExternalAccess := Read/Write)"
TAG,,PUMP_ON_DELAY_CHECK,"T0000","TIMER","","(Constant := false, ExternalAccess := Read/Write)"
TAG,,PUMP_RUN,"B0021","BOOL","","(RADIX := Decimal, Constant := false, ExternalAccess := Read/Write)"
TAG,,PUMP_START,"B1000","BOOL","","(RADIX := Decimal, Constant := false, ExternalAccess := Read/Write)"
TAG,,PUMP_STOP_SIGNAL,"B0030","BOOL","","(RADIX := Decimal, Constant := false, ExternalAccess := Read/Write)"
TAG,,REAR_SHUTTER_ON_LIMIT,"B000D","BOOL","","(RADIX := Decimal, Constant := false, ExternalAccess := Read/Write)"
TAG,,Recipe_Max,"","DINT","","(RADIX := Decimal, Constant := false, ExternalAccess := Read/Write)"
TAG,,Recipe_Name_Pointer,"","DINT","","(RADIX := Decimal, Constant := false, ExternalAccess := Read/Write)"
TAG,,Recipe_Number,"","COUNTER","","(Constant := false, ExternalAccess := Read/Write)"
TAG,,RESETTING_CONFIRMATION,"M0061","BOOL","","(RADIX := Decimal, Constant := false, ExternalAccess := Read/Write)"
TAG,,RESET_PB,"HMI RESET PB","BOOL","","(RADIX := Decimal, Constant := false, ExternalAccess := Read/Write)"
TAG,,RIGHTDIECUSHIONTIMER,"","TIMER","","(Constant := false, ExternalAccess := Read/Write)"
TAG,,RIGHT_DIECUSHION_CONDITION,"M003A","BOOL","","(RADIX := Decimal, Constant := false, ExternalAccess := Read/Write)"
TAG,,RIGHT_DIECUSHION_DECOMPRESSION_VALVE,"B004F","BOOL","","(RADIX := Decimal, Constant := false, ExternalAccess := Read/Write)"
TAG,,RIGHT_DIECUSHION_DOWN,"M0049","BOOL","","(RADIX := Decimal, Constant := false, ExternalAccess := Read/Write)"
TAG,,RIGHT_DIECUSHION_DOWN_PB,"B0111$NHMI BUTTON","BOOL","","(RADIX := Decimal, Constant := false, ExternalAccess := Read/Write)"
TAG,,RIGHT_DIECUSHION_DOWN_VALVE,"B004E$N","BOOL","","(RADIX := Decimal, Constant := false, ExternalAccess := Read/Write)"
TAG,,RIGHT_DIECUSHION_LOWER_LIMIT,"B0004","BOOL","","(RADIX := Decimal, Constant := false, ExternalAccess := Read/Write)"
TAG,,RIGHT_DIECUSHION_POWER_ASSIST_VALVE,"B0050","BOOL","","(RADIX := Decimal, Constant := false, ExternalAccess := Read/Write)"
TAG,,RIGHT_DIECUSHION_UP,"M0048","BOOL","","(RADIX := Decimal, Constant := false, ExternalAccess := Read/Write)"
TAG,,RIGHT_DIECUSHION_UPPER_LIMIT,"B0003","BOOL","","(RADIX := Decimal, Constant := false, ExternalAccess := Read/Write)"
TAG,,RIGHT_DIECUSHION_UP_PB,"B0110$NHMI BUTTON","BOOL","","(RADIX := Decimal, Constant := false, ExternalAccess := Read/Write)"
TAG,,RIGHT_DIECUSHION_UP_VALVE,"B004D","BOOL","","(RADIX := Decimal, Constant := false, ExternalAccess := Read/Write)"
TAG,,R_DIECUSHION_AUTO_UP_ASSIST,"B015B$NENCODER SIGNAL","BOOL","","(RADIX := Decimal, Constant := false, ExternalAccess := Read/Write)"
TAG,,R_DIECUSHION_AUTO_UP_LIMIT,"B0158$NENCODER SIGNAL","BOOL","","(RADIX := Decimal, Constant := false, ExternalAccess := Read/Write)"
TAG,,R_DIECUSHION_DOWN,"M0001","BOOL","","(RADIX := Decimal, Constant := false, ExternalAccess := Read/Write)"
TAG,,R_DIECUSHION_UP,"M0000","BOOL","","(RADIX := Decimal, Constant := false, ExternalAccess := Read/Write)"
TAG,,R_DIECUSHION_UP_1,"M0072","BOOL","","(RADIX := Decimal, Constant := false, ExternalAccess := Read/Write)"
TAG,,R_DIECUSHION_UP_ASSIST,"M0070","BOOL","","(RADIX := Decimal, Constant := false, ExternalAccess := Read/Write)"
TAG,,R_DIECUSHION_UP_COMPLETE,"M0073","BOOL","","(RADIX := Decimal, Constant := false, ExternalAccess := Read/Write)"
TAG,,SAFETY_BAR_OPENED,"B000B","BOOL","","(RADIX := Decimal, Constant := false, ExternalAccess := Read/Write)"
TAG,,Save_Delay,"","TIMER","","(Constant := false, ExternalAccess := Read/Write)"
TAG,,save_pb,"","BOOL","","(RADIX := Decimal, Constant := false, ExternalAccess := Read/Write)"
TAG,,Screen_Control,"","INT","","(RADIX := Decimal, Constant := false, ExternalAccess := Read/Write)"
TAG,,Scroll_Down,"","BOOL","","(RADIX := Decimal, Constant := false, ExternalAccess := Read/Write)"
TAG,,Scroll_up,"","BOOL","","(RADIX := Decimal, Constant := false, ExternalAccess := Read/Write)"
TAG,,SickAFxWS_Enc1_AOI,"","SICK_AFX60_A101WS_A103WS_AOI","","(Constant := false, ExternalAccess := Read/Write)"
TAG,,SickAFxWS_Enc1_Cyclic_GetSet,"","BOOL","","(RADIX := Decimal, Constant := false, ExternalAccess := Read/Write)"
TAG,,SickAFxWS_Enc1_GetData,"","SICK_AFX60_WS_DATA","","(Constant := false, ExternalAccess := Read/Write)"
TAG,,SickAFxWS_Enc1_Init_GetSet,"","BOOL","","(RADIX := Decimal, Constant := false, ExternalAccess := Read/Write)"
TAG,,SickAFxWS_Enc1_SetData,"","SICK_AFX60_WS_DATA","","(Constant := false, ExternalAccess := Read/Write)"
COMMENT,,SickAFxWS_Enc1_SetData,"0= Scaling Disabled$N1= Scaling Enabled",,"SickAFxWS_Enc1_SetData.SCALING"
COMMENT,,SickAFxWS_Enc1_SetData,"1280=Heartbeat Off$N1281=Hearbeat ON",,"SickAFxWS_Enc1_SetData.SLAVESIGNOFLIFE"
COMMENT,,SickAFxWS_Enc1_SetData,"4608 = Celsius$N4609 =Fahrenheit",,"SickAFxWS_Enc1_SetData.TEMPERATURE_FORMAT"
TAG,,SickAFxWS_Enc1_Timer_GetSet,"","TIMER","","(Constant := false, ExternalAccess := Read/Write)"
TAG,,SLIDE_DOWN_PB,"B010B$NHMI BUTTON","BOOL","","(RADIX := Decimal, Constant := false, ExternalAccess := Read/Write)"
TAG,,SLIDE_SLOW_DOWN_PB,"B010C$NHMI BUTTON","BOOL","","(RADIX := Decimal, Constant := false, ExternalAccess := Read/Write)"
TAG,,SLIDE_SLOW_DOWN_SIGNAL,"B0154$NENCODER SIGNAL","BOOL","","(RADIX := Decimal, Constant := false, ExternalAccess := Read/Write)"
TAG,,SLIDE_SLOW_UP_PB,"B010A$NHMI BUTTON","BOOL","","(RADIX := Decimal, Constant := false, ExternalAccess := Read/Write)"
TAG,,SLIDE_UP_PB,"HMI BUTTON$NB0109","BOOL","","(RADIX := Decimal, Constant := false, ExternalAccess := Read/Write)"
TAG,,TIMER_OFF_DELAY_1500T,"T0017","TIMER","","(Constant := false, ExternalAccess := Read/Write)"
TAG,,TIMER_OFF_DELAY_500T,"T0016","TIMER","","(Constant := false, ExternalAccess := Read/Write)"
TAG,,TRM1,"B1003","BOOL","","(RADIX := Decimal, Constant := false, ExternalAccess := Read/Write)"
TAG,,TRM1_TIMER,"5 SECONDS","TIMER","","(Constant := false, ExternalAccess := Read/Write)"
TAG,,TRM2,"B1001","BOOL","","(RADIX := Decimal, Constant := false, ExternalAccess := Read/Write)"
TAG,,TRM2_TIMER,"5 SECONDS","TIMER","","(Constant := false, ExternalAccess := Read/Write)"
TAG,,TRM3,"B1002","BOOL","","(RADIX := Decimal, Constant := false, ExternalAccess := Read/Write)"
TAG,,TRM3_TIMER,"1 SECOND","TIMER","","(Constant := false, ExternalAccess := Read/Write)"
TAG,,UPPER_DIECLAMP_OFF_VALVE,"B0065","BOOL","","(RADIX := Decimal, Constant := false, ExternalAccess := Read/Write)"
TAG,,UPPER_DIE_CLAMP_ON_DETECT,"B001D","BOOL","","(RADIX := Decimal, Constant := false, ExternalAccess := Read/Write)"
TAG,,WARM_UP_FINISHED,"M009E","BOOL","","(RADIX := Decimal, Constant := false, ExternalAccess := Read/Write)"
TAG,,WARM_UP_OFF_TEMP,"B0027","BOOL","","(RADIX := Decimal, Constant := false, ExternalAccess := Read/Write)"
TAG,,WARM_UP_ON,"M009D","BOOL","","(RADIX := Decimal, Constant := false, ExternalAccess := Read/Write)"
TAG,,WARM_UP_ON_TIMING,"T0023","TIMER","","(Constant := false, ExternalAccess := Read/Write)"
TAG,,WARM_UP_SELECT_OFF_TIMER,"T0024","TIMER","","(Constant := false, ExternalAccess := Read/Write)"
TAG,,WARM_UP_SELECT_ON_TIMER,"T0025","TIMER","","(Constant := false, ExternalAccess := Read/Write)"
TAG,,WORKING_LEVEL_DELAY_CHECK,"T0001","TIMER","","(Constant := false, ExternalAccess := Read/Write)"
TAG,,WORKING_OIL_LEVEL_DETECT,"B0025","BOOL","","(RADIX := Decimal, Constant := false, ExternalAccess := Read/Write)"
TAG,,WORK_LOCATION_VALVE,"B0036","BOOL","","(RADIX := Decimal, Constant := false, ExternalAccess := Read/Write)"
TAG,,SickAFxWS_Enc1_msgGetData,"","MESSAGE","","(ExternalAccess := Read/Write, MessageType := CIP Generic, RequestedLength := 0, ConnectedFlag := 2, CommTypeCode := 0, ServiceCode := 16#000e, ObjectType := 16#0023, TargetObject := 1, AttributeNumber := 16#001b, LocalIndex := 0, DestinationTag := ""SickAFxWS_Enc1_GetData.xMsgRecordArray[0]"", LargePacketUsage := false)"
TAG,,SickAFxWS_Enc1_msgSetData,"","MESSAGE","","(ExternalAccess := Read/Write, MessageType := CIP Generic, RequestedLength := 4, ConnectedFlag := 2, CommTypeCode := 0, ServiceCode := 16#0010, ObjectType := 16#0023, TargetObject := 1, AttributeNumber := 16#0010, LocalIndex := 0, LocalElement := ""SickAFxWS_Enc1_SetData.xMsgRecordArray[0]"", LargePacketUsage := false)"
TYPE,SCOPE,ROUTINE,COMMENT,OWNING_ELEMENT,LOCATION
RCOMMENT,"MainProgram","Bolster","Bolster Clamp On","OTE(BOLSTER_CLAMP_ON)","1"
RCOMMENT,"MainProgram","Locking","LOCKING ARMS FOR THE MAIN PRESS$N","OTE(LOCKING_OFF_VALVE)","5"
RCOMMENT,"MainProgram","Main_Up","MAIN UP VALVE$N","OTE(MAIN_UP_VALVE)","6"
RCOMMENT,"MainProgram","Modes","INCH MODE ENABLED","OTE(INCH_ENABLED)","0"
RCOMMENT,"MainProgram","Stop","PUMP STOP SIGNAL","OTE(PUMP_STOP_SIGNAL)","7"
